<?xml version="1.0" ?>
<rdf:RDF
 xmlns:rdf="http://www.w3.org/1999/02/22-rdf-syntax-ns#"
 xmlns:rdfs="http://www.w3.org/2000/01/rdf-schema#"
 xmlns:xsd="http://www.w3.org/2001/XLMSchema#"
 xmlns:geo="http://www.w3.org/2003/01/geo/wgs84_pos"
 xmlns:dc="http://purl.org/dc/elements/1.1/"> 
 
	<!-- Twitter user -->
	<rdfs:Class rdf:ID="twitterUser">
		<rdfs:comment>
			A class to describe Twitter accounts in a simple way
		</rdfs:comment>
		<rdfs:subClassOf rdf:resource="http://xmlns.com/foaf/0.1/OnlineAccount"/> 
	</rdfs:Class>
	
	<rdf:Property rdf:ID="screenName">
		<rdfs:comment>
			The screen name of a Twitter user
		</rdfs:comment>
		<rdfs:domain rdf:resource="#twitterUser"/>
		<rdfs:range rdf:resource="http://www.w3.org/2000/01/rdf-schema#Literal"/>
	</rdf:Property>
	
	<rdf:Property rdf:ID="id">
		<rdfs:comment>
			The Twitter ID of a Twitter user
		</rdfs:comment>
		<rdfs:domain rdf:resource="#twitterUser"/>
		<rdfs:range rdf:resource="http://www.w3.org/2000/01/rdf-schema#Literal"/>
	</rdf:Property>
	
	<rdf:Property rdf:ID="location">
		<rdfs:comment>
			The location of a Twitter user
		</rdfs:comment>
		<rdfs:domain rdf:resource="#twitterUser"/>
		<rdfs:range rdf:resource="http://www.w3.org/2000/01/rdf-schema#Literal"/>
	</rdf:Property>
	
	<rdf:Property rdf:ID="profilePicture">
		<rdfs:comment>
			The URI of a Twitter user's profile
		</rdfs:comment>
		<rdfs:domain rdf:resource="#twitterUser"/>
		<rdfs:range rdf:resource="http://www.w3.org/2000/01/rdf-schema#Literal"/>
	</rdf:Property>
	
	<rdf:Property rdf:ID="realName">
		<rdfs:comment>
			The real name of a Twitter user
		</rdfs:comment>
		<rdfs:domain rdf:resource="#twitterUser"/>
		<rdfs:range rdf:resource="http://www.w3.org/2000/01/rdf-schema#Literal"/>
	</rdf:Property>
	
	<!-- Venue -->
	<rdfs:Class rdf:ID="venue">
		<rdfs:comment>
			A class to describe venues found on the system
		</rdfs:comment>
		<rdfs:subClassOf rdf:resource="http://www.w3.org/2003/01/geo/wgs84_pos#"/> 
	</rdfs:Class>
	
	<rdf:Property rdf:ID="name">
		<rdfs:comment>
			The name of the venue
		</rdfs:comment>
		<rdfs:domain rdf:resource="#venue"/>
		<rdfs:range rdf:resource="http://www.w3.org/2000/01/rdf-schema#label"/>
	</rdf:Property>
	
	<rdf:Property rdf:ID="address">
		<rdfs:comment>
			The address of the venue
		</rdfs:comment>
		<rdfs:domain rdf:resource="#venue"/>
		<rdfs:range rdf:resource="http://www.w3.org/2000/01/rdf-schema#Literal"/>
	</rdf:Property>
	
	<rdf:Property rdf:ID="category">
		<rdfs:comment>
			The category of the venue
		</rdfs:comment>
		<rdfs:domain rdf:resource="#venue"/>
		<rdfs:range rdf:resource="http://www.w3.org/2000/01/rdf-schema#Literal"/>
	</rdf:Property>
	
	<rdf:Property rdf:ID="description">
		<rdfs:comment>
			A description of the venue
		</rdfs:comment>
		<rdfs:domain rdf:resource="#venue"/>
		<rdfs:range rdf:resource="http://purl.org/dc/elements/1.1/description"/>
	</rdf:Property>
	
	<rdf:Property rdf:ID="lat">
		<rdfs:comment>
			The latitude of a venue
		</rdfs:comment>
		<rdfs:domain rdf:resource="#venue"/>
		<rdfs:range rdf:resource="http://www.w3.org/2003/01/geo/wgs84_pos#lat"/>
	</rdf:Property>
	
	<rdf:Property rdf:ID="long">
		<rdfs:comment>
			The longitude of a venue
		</rdfs:comment>
		<rdfs:domain rdf:resource="#venue"/>
		<rdfs:range rdf:resource="http://www.w3.org/2003/01/geo/wgs84_pos#long"/>
	</rdf:Property>
	
	<rdf:Property rdf:ID="imageURI">
		<rdfs:comment>
			The URI of an image of the venue
		</rdfs:comment>
		<rdfs:domain rdf:resource="#venue"/>
		<rdfs:range rdf:resource="http://www.w3.org/2000/01/rdf-schema#Literal"/>
	</rdf:Property>
	
	<rdf:Property rdf:ID="URI">
		<rdfs:comment>
			A URI that the resource was discovered from
		</rdfs:comment>
		<rdfs:domain rdf:resource="#venue"/>
		<rdfs:range rdf:resource="http://www.w3.org/ns/prov#wasDerivedFrom"/>
	</rdf:Property>
	
	<rdf:Property rdf:ID="sourceAPI">
		<rdfs:comment>
			The API that the venue was discovered from
		</rdfs:comment>
		<rdfs:domain rdf:resource="#venue"/>
		<rdfs:range rdf:resource="http://www.w3.org/2000/01/rdf-schema#Literal"/>
	</rdf:Property>
	
</rdf:RDF>